/*

--stringzzz, Ghostwarez Co. 09-03-2025

This is just for sample/practice purposes, it was made as a 'dairy store chain' just to limit 
the amount of unique inventory items to make it simpler.

*/

CREATE DATABASE dairy_store_database;
USE dairy_store_database;

CREATE TABLE prices (
	item_id varchar(6) not null primary key CHECK (LENGTH(item_id) = 6),
	item_name varchar(128) not null, 
	price float
);

INSERT INTO prices (item_id, item_name, price) VALUES 
	('122678', 'vanilla yogurt', 4.35),
	('122679', 'peach yogurt', 4.45),
	('122685', 'blueberry yogurt', 4.45),
	('122686', 'milk', 7.86),
	('122687', 'salted butter', 6.74),
	('122689', 'unsalted butter', 6.50),
	('122693', 'provolone cheese', 5.78),
	('122697', 'cheddar cheese', 5.90),
	('122699', 'mozarella cheese', 6.10),
	('122710', 'pepperjack cheese', 6.12),
	('123456', 'chocolate ice cream', 8.90),
	('123457', 'vanilla ice cream', 8.80),
	('123468', 'mint chocolate chip ice cream', 8.95),
	('123472', 'neopolitan ice cream', 8.95),
	('123480', 'rainbow sherbert ice cream', 8.95),
	('123484', 'sour cream', 5.63),
	('123485', 'cream cheese', 6.20),
	('124565', 'cottage cheese', 6.05);

CREATE TABLE stores (
	store_id varchar(4) not null primary key CHECK (LENGTH(store_id) = 4), 
	address_line varchar(128) not null, 
	city varchar(64) not null, 
	us_state varchar(64) not null, 
	zip varchar(5) not null CHECK (LENGTH(zip) = 5)
);

INSERT INTO stores (store_id, address_line, city, us_state, zip) VALUES 
	('1217', '8125 North Circle', 'Toad Town', 'California', '12586'),
	('1218', '376 Green Lake Road', 'Lake Leaf', 'California', '12795'),
	('1258', '1422 Electric Avenue', 'Cascade', 'Arizona', '58602'),
	('1259', '65135 Dodger Lane', 'Funky Town', 'Arizona', '59533'),
	('1325', '416 Oak Drive', 'West Park', 'Nevada', '30126');

CREATE TABLE employees (
	emp_id varchar(5) not null primary key CHECK (LENGTH(emp_id) = 5), 
	store_id varchar(4) not null CHECK (LENGTH(store_id) = 4), 
	foreign key (store_id) references stores(store_id), 
	position varchar(64) not null, 
	first_name varchar(64) not null, 
	last_name varchar(64) not null, 
	birth_year int not null, 
	wage float not null
);

INSERT INTO employees (emp_id, store_id, position, first_name, last_name, birth_year, wage) VALUES 
	('30001', '1217', 'Manager', 'Mario', 'Luigi', 1970, 55.00),
	('30002', '1218', 'Manager', 'John', 'Smith', 1975, 55.00),
	('30003', '1258', 'Manager', 'Leopold', 'Stotch', 1960, 56.50),
	('30004', '1259', 'Manager', 'Stan', 'Marsh', 1978, 56.25),
	('30005', '1325', 'Manager', 'Eric', 'Cartman', 1976, 56.00),
	('30006', '1217', 'Custodian', 'Scruffy', 'Farnsworth', 1995, 17.00),
	('30007', '1218', 'Custodian', 'Michael', 'Mosley', 1990, 17.75),
	('30008', '1258', 'Custodian', 'Janice', 'Wild', 1985, 17.00),
	('30009', '1259', 'Custodian', 'Richard', 'Hedburg', 1987, 16.75),
	('30010', '1325', 'Custodian', 'Jonathan', 'Smith', 1992, 17.10),
	('30011', '1217', 'Stocker', 'Kerry', 'Potter', 1993, 17.25),
	('30012', '1218', 'Stocker', 'Sheila', 'Brown', 1994, 16.50),
	('30013', '1258', 'Stocker', 'Joseph', 'Smith', 1991, 16.75),
	('30014', '1259', 'Stocker', 'Michael', 'Carpenter', 1990, 17.00),
	('30015', '1325', 'Stocker', 'Juan', 'Lopez', 1989, 17.20),
	('30016', '1217', 'Shipping & Receiving', 'Maria', 'Perez', 1990, 19.30),
	('30017', '1218', 'Shipping & Receiving', 'Mike', 'Shields', 1982, 19.30),
	('30018', '1258', 'Shipping & Receiving', 'Dat', 'Phan', 1983, 19.35),
	('30019', '1259', 'Shipping & Receiving', 'Penelope', 'Marley', 1987, 20.00),
	('30020', '1325', 'Shipping & Receiving', 'Leonard', 'Newton', 1988, 20.50),
	('30021', '1217', 'Shipping & Receiving', 'Isaac', 'Fuentes', 1994, 19.00),
	('30022', '1218', 'Shipping & Receiving', 'Harry', 'Armstrong', 1996, 19.25),
	('30023', '1258', 'Shipping & Receiving', 'Colby', 'Lewis', 1993, 19.30),
	('30024', '1259', 'Shipping & Receiving', 'Jeffery', 'Jefferson', 1981, 20.25),
	('30025', '1325', 'Shipping & Receiving', 'Rachel', 'Mathews', 1988, 19.50),
	('30026', '1217', 'Cashier', 'Juan', 'Donalds', 1990, 18.50),
	('30027', '1218', 'Cashier', 'Markus', 'Black', 1991, 18.75),
	('30028', '1258', 'Cashier', 'Jose', 'Lopez', 1994, 18.70),
	('30029', '1259', 'Cashier', 'John', 'White', 1987, 18.90),
	('30030', '1325', 'Cashier', 'Veronica', 'Smith', 1989, 18.50),
	('30031', '1217', 'Cashier', 'Alice', 'Armstrong', 1993, 18.75),
	('30032', '1218', 'Cashier', 'Lewis', 'Nabokov', 1985, 18.70),
	('30033', '1258', 'Cashier', 'Joseph', 'West', 1986, 19.10),
	('30034', '1259', 'Cashier', 'Victoria', 'Johnson', 1972, 22.50),
	('30035', '1325', 'Cashier', 'Ella', 'Carrols', 1978, 19.20),
	('30036', '1217', 'Cashier', 'Ava', 'Liddel', 1995, 19.30),
	('30037', '1218', 'Cashier', 'Zachary', 'Moretz', 1989, 20.95),
	('30038', '1258', 'Cashier', 'Gregory', 'Kuniz', 1990, 20.00),
	('30039', '1259', 'Cashier', 'Selina', 'Sutherland', 1991, 19.25),
	('30040', '1325', 'Cashier', 'Tiffany', 'Carpenter', 1993, 19.75);

CREATE TABLE former_employees (
	emp_id varchar(5) not null primary key CHECK (LENGTH(emp_id) = 5), 
	store_id varchar(4) not null CHECK (LENGTH(store_id) = 4), 
	foreign key (store_id) references stores(store_id), 
	position varchar(64) not null, 
	first_name varchar(64) not null, 
	last_name varchar(64) not null, 
	birth_year int not null, 
	wage float not null
);

INSERT INTO former_employees (emp_id, store_id, position, first_name, last_name, birth_year, wage) VALUES 
	('30120', '1217', 'Cashier', 'Mario', 'Luigi', 1982, 20.00),
	('30121', '1258', 'Cashier', 'Joseph', 'Navarro', 1978, 22.00),
	('30122', '1258', 'Shipping & Receiving', 'Michael', 'Mosley', 1963, 21.50),
	('30123', '1259', 'Custodian', 'Marcus', 'Jackson', 1987, 17.25),
	('30124', '1325', 'Manager', 'Jarod', 'Marklar', 1957, 48.00),
	('30125', '1217', 'Cashier', 'Richard', 'McDonald', 1982, 19.00),
	('30126', '1218', 'Custodian', 'Ava', 'Liddel', 1969, 15.25),
	('30127', '1258', 'Shipping & Receiving', 'Gregory', 'Kuniz', 1988, 20.00),
	('30128', '1259', 'Shipping & Receiving', 'Richard', 'Johnson', 1984, 19.75),
	('30129', '1325', 'Manager', 'Jonathan', 'Smith', 1959, 49.10),
	('30130', '1217', 'Stocker', 'Alice', 'Carrol', 1986, 16.05);

CREATE TABLE inventory (
	inventory_id varchar(5) not null primary key CHECK (LENGTH(inventory_id) = 5), 
	store_id varchar(4) not null CHECK (LENGTH(store_id) = 4),  
	foreign key (store_id) references stores(store_id), 
	item_id varchar(6) not null CHECK (LENGTH(item_id) = 6), 
	foreign key (item_id) references prices(item_id), 
	quantity int not null
 );

INSERT INTO inventory (inventory_id, store_id, item_id, quantity) VALUES 
	('10000', '1217', '122678', 0),
	('10001', '1218', '122678', 12),
	('10002', '1258', '122678', 14),
	('10003', '1259', '122678', 0),
	('10004', '1325', '122678', 12),
	('10005', '1217', '122679', 20),
	('10006', '1218', '122679', 22),
	('10007', '1258', '122679', 21),
	('10008', '1259', '122679', 0),
	('10009', '1325', '122679', 20),
	('10010', '1217', '122685', 16),
	('10011', '1218', '122685', 0),
	('10012', '1258', '122685', 5),
	('10013', '1259', '122685', 9),
	('10014', '1325', '122685', 11),
	('10015', '1217', '122686', 0),
	('10016', '1218', '122686', 16),
	('10017', '1258', '122686', 22),
	('10018', '1259', '122686', 25),
	('10019', '1325', '122686', 0),
	('10020', '1217', '122687', 18),
	('10021', '1218', '122687', 15),
	('10022', '1258', '122687', 0),
	('10023', '1259', '122687', 11),
	('10024', '1325', '122687', 9),
	('10025', '1217', '122689', 14),
	('10026', '1218', '122689', 17),
	('10027', '1258', '122689', 22),
	('10028', '1259', '122689', 25),
	('10029', '1325', '122689', 12),
	('10030', '1217', '122693', 6),
	('10031', '1218', '122693', 22),
	('10032', '1258', '122693', 20),
	('10033', '1259', '122693', 0),
	('10034', '1325', '122693', 16),
	('10035', '1217', '122697', 4),
	('10036', '1218', '122697', 9),
	('10037', '1258', '122697', 11),
	('10038', '1259', '122697', 0),
	('10039', '1325', '122697', 0),
	('10040', '1217', '122699', 23),
	('10041', '1218', '122699', 12),
	('10042', '1258', '122699', 3),
	('10043', '1259', '122699', 18),
	('10044', '1325', '122699', 17),
	('10045', '1217', '122710', 18),
	('10046', '1218', '122710', 18),
	('10047', '1258', '122710', 5),
	('10048', '1259', '122710', 16),
	('10049', '1325', '122710', 23),
	('10050', '1217', '123456', 12),
	('10051', '1218', '123456', 24),
	('10052', '1258', '123456', 5),
	('10053', '1259', '123456', 3),
	('10054', '1325', '123456', 4),
	('10055', '1217', '123457', 3),
	('10056', '1218', '123457', 3),
	('10057', '1258', '123457', 17),
	('10058', '1259', '123457', 24),
	('10059', '1325', '123457', 23),
	('10060', '1217', '123468', 21),
	('10061', '1218', '123468', 18),
	('10062', '1258', '123468', 0),
	('10063', '1259', '123468', 27),
	('10064', '1325', '123468', 0),
	('10065', '1217', '123472', 22),
	('10066', '1218', '123472', 21),
	('10067', '1258', '123472', 21),
	('10068', '1259', '123472', 0),
	('10069', '1325', '123472', 15),
	('10070', '1217', '123480', 8),
	('10071', '1218', '123480', 14),
	('10072', '1258', '123480', 15),
	('10073', '1259', '123480', 0),
	('10074', '1325', '123480', 0),
	('10075', '1217', '123484', 5),
	('10076', '1218', '123484', 23),
	('10077', '1258', '123484', 9),
	('10078', '1259', '123484', 11),
	('10079', '1325', '123484', 0),
	('10080', '1217', '123485', 7),
	('10081', '1218', '123485', 0),
	('10082', '1258', '123485', 18),
	('10083', '1259', '123485', 23),
	('10084', '1325', '123485', 25),
	('10085', '1217', '124565', 3),
	('10086', '1218', '124565', 12),
	('10087', '1258', '124565', 7),
	('10088', '1259', '124565', 18),
	('10089', '1325', '124565', 0);


CREATE TABLE sales (
	sales_id varchar(5) not null primary key CHECK (LENGTH(sales_id) = 5), 
	store_id varchar(4) not null CHECK (LENGTH(store_id) = 4),  
	foreign key (store_id) references stores(store_id), 
	item_id varchar(6) not null CHECK (LENGTH(item_id) = 6), 
	foreign key (item_id) references prices(item_id),
	emp_id varchar(5) not null CHECK (LENGTH(emp_id) = 5),  
	foreign key (emp_id) references employees(emp_id),
	purch_date date not null, 
	quantity int not null
 );

INSERT INTO sales (sales_id, store_id, item_id, emp_id, purch_date, quantity) VALUES
	('20000', '1259', '122679', '30034', '2021-06-07', '2'), 
	('20001', '1218', '122679', '30032', '2022-03-25', '6'), 
	('20002', '1258', '122699', '30033', '2021-08-19', '4'), 
	('20003', '1325', '124565', '30035', '2021-09-26', '2'), 
	('20004', '1325', '122685', '30040', '2021-06-29', '6'), 
	('20005', '1218', '122693', '30032', '2021-07-15', '5'), 
	('20006', '1217', '122699', '30036', '2022-01-29', '3'), 
	('20007', '1259', '122687', '30034', '2020-10-13', '6'), 
	('20008', '1217', '122689', '30026', '2021-01-27', '5'), 
	('20009', '1217', '122685', '30036', '2020-06-13', '6'), 
	('20010', '1258', '122689', '30028', '2022-12-18', '1'), 
	('20011', '1325', '122685', '30030', '2021-06-19', '2'), 
	('20012', '1217', '122686', '30026', '2020-02-16', '4'), 
	('20013', '1325', '122710', '30030', '2022-03-01', '6'), 
	('20014', '1325', '122679', '30040', '2020-08-03', '2'), 
	('20015', '1258', '122710', '30028', '2020-02-04', '6'), 
	('20016', '1218', '123485', '30032', '2020-02-09', '3'), 
	('20017', '1325', '122693', '30040', '2022-12-16', '6'), 
	('20018', '1259', '123468', '30039', '2022-02-09', '5'), 
	('20019', '1258', '122697', '30033', '2022-08-23', '3'), 
	('20020', '1258', '123457', '30028', '2022-01-15', '1'), 
	('20021', '1259', '123456', '30039', '2020-05-24', '2'), 
	('20022', '1259', '122685', '30029', '2021-02-28', '2'), 
	('20023', '1218', '122699', '30037', '2021-03-23', '3'), 
	('20024', '1325', '122686', '30030', '2021-06-04', '2'), 
	('20025', '1218', '122689', '30027', '2022-12-16', '5'), 
	('20026', '1258', '122679', '30028', '2022-02-27', '3'), 
	('20027', '1218', '122693', '30037', '2021-06-01', '1'), 
	('20028', '1218', '122686', '30027', '2020-10-26', '2'), 
	('20029', '1218', '122687', '30037', '2022-09-15', '4'), 
	('20030', '1218', '122710', '30037', '2021-11-07', '1'), 
	('20031', '1325', '122699', '30035', '2021-09-10', '4'), 
	('20032', '1325', '123484', '30030', '2020-07-09', '4'), 
	('20033', '1259', '122687', '30029', '2022-08-12', '4'), 
	('20034', '1258', '122687', '30033', '2021-01-23', '1'), 
	('20035', '1325', '124565', '30040', '2020-08-22', '2'), 
	('20036', '1217', '122679', '30031', '2020-08-21', '5'), 
	('20037', '1218', '123480', '30027', '2022-01-29', '2'), 
	('20038', '1217', '123457', '30036', '2022-09-28', '2'), 
	('20039', '1258', '122693', '30033', '2021-08-14', '3');

